{
"lengthUnit": "mil",
"remark": [],
"components": {
	"fields": ["COMPONENT_NO", "COMPONENT_NAME", "LAYER", "X_COORDINATE", "Y_COORDINATE", "ANGLE"],
	"rows": [
		[1, "1", "T", -39.37, 2303.145, 90],
		[2, "C1", "T", -895, 2445, 0],
		[3, "LED1", "T", -895, 2645, 0],
		[4, "R1", "T", -895, 2245, 0],
		[5, "U1", "T", -895, 2040, 90],
		[6, "PAD1", "T", -564.37, 2278.145, 0],
		[7, "PAD2", "T", -414.37, 2328.145, 0],
		[8, "PAD2", "B", -414.37, 2328.145, 0],
		[9, "PAD3", "T", -867.44, 2445, 0],
		[10, "PAD4", "T", -922.56, 2445, 0],
		[11, "PAD5", "T", -936.35, 2645, 0],
		[12, "PAD6", "T", -853.65, 2645, 0],
		[13, "PAD7", "T", -865.34, 2245, 0],
		[14, "PAD8", "T", -924.66, 2245, 0],
		[15, "PAD9", "T", -918.617, 2040.001, 0],
		[16, "PAD10", "T", -914.677, 2063.621, 0],
		[17, "PAD11", "T", -894.997, 2063.621, 0],
		[18, "PAD12", "T", -875.307, 2063.621, 0],
		[19, "PAD13", "T", -871.377, 2040.001, 0],
		[20, "PAD14", "T", -875.317, 2016.381, 0],
		[21, "PAD15", "T", -894.997, 2016.381, 0],
		[22, "PAD16", "T", -914.677, 2016.381, 0]
	]
},
"pins": {
	"fields": ["PIN_NO", "PIN_NAME", "PIN_X", "PIN_Y", "LAYER", "PIN_TYPE", "NET_NAME", "NET_TYPE", "PAD_SHAPE", "PAD_SIZEX", "PAD_SIZEY", "HOLE_SIZE", "HOLE_LEN", "PAD_ANGLE"],
	"rows": [
		[1, "1_P$1", -564.37, 2278.145, "T", "SMD", "U1_8", "", "R", 29.53, 11.81, 0, 0, 180],
		[2, "1_P$2", -414.37, 2328.145, "T", "DIP", "U1_1", "", "C", 31.81, 31.81, 11.82, 11.832, 90],
		[3, "1_P$2", -414.37, 2328.145, "B", "DIP", "U1_1", "", "C", 31.81, 31.81, 11.82, 11.832, 90],
		[4, "C1_1", -922.56, 2445, "T", "SMD", "U1_2", "", "R", 31.496, 35.433, 0, 0, 0],
		[5, "C1_2", -867.44, 2445, "T", "SMD", "U1_7", "", "R", 31.496, 35.433, 0, 0, 0],
		[6, "LED1_1", -853.65, 2645, "T", "SMD", "LED1_1", "", "R", 39.37, 55.1, 0, 0, 180],
		[7, "LED1_2", -936.35, 2645, "T", "SMD", "U1_2", "", "R", 39.37, 55.1, 0, 0, 180],
		[8, "R1_1", -924.66, 2245, "T", "SMD", "LED1_1", "", "R", 31.751, 34.016, 0, 0, 0],
		[9, "R1_2", -865.34, 2245, "T", "SMD", "U1_7", "", "R", 31.751, 34.016, 0, 0, 0],
		[10, "U1_1", -914.677, 2016.381, "T", "SMD", "U1_1", "", "R", 15.748, 11.024, 0, 0, 90],
		[11, "U1_2", -894.997, 2016.381, "T", "SMD", "U1_2", "", "R", 15.748, 8.661, 0, 0, 90],
		[12, "U1_3", -875.317, 2016.381, "T", "SMD", "U1_3", "", "R", 15.748, 8.661, 0, 0, 90],
		[13, "U1_4", -871.377, 2040.001, "T", "SMD", "U1_4", "", "R", 15.748, 8.661, 0, 0, 180],
		[14, "U1_5", -875.307, 2063.621, "T", "SMD", "U1_5", "", "R", 15.748, 8.661, 0, 0, 90],
		[15, "U1_6", -894.997, 2063.621, "T", "SMD", "U1_7", "", "R", 15.748, 8.661, 0, 0, 90],
		[16, "U1_7", -914.677, 2063.621, "T", "SMD", "U1_7", "", "R", 15.748, 8.661, 0, 0, 90],
		[17, "U1_8", -918.617, 2040.001, "T", "SMD", "U1_8", "", "R", 15.748, 8.661, 0, 0, 180],
		[18, "PAD1_P$1", -564.37, 2278.145, "T", "SMD", "U1_8", "", "R", 29.53, 11.81, 0, 0, 180],
		[19, "PAD2_P$2", -414.37, 2328.145, "T", "DIP", "U1_1", "", "C", 31.81, 31.81, 11.82, 11.832, 90],
		[20, "PAD2_P$2", -414.37, 2328.145, "B", "DIP", "U1_1", "", "C", 31.81, 31.81, 11.82, 11.832, 90],
		[21, "PAD3_2", -867.44, 2445, "T", "SMD", "U1_7", "", "R", 31.496, 35.433, 0, 0, 0],
		[22, "PAD4_1", -922.56, 2445, "T", "SMD", "U1_2", "", "R", 31.496, 35.433, 0, 0, 0],
		[23, "PAD5_2", -936.35, 2645, "T", "SMD", "U1_2", "", "R", 39.37, 55.1, 0, 0, 180],
		[24, "PAD6_1", -853.65, 2645, "T", "SMD", "LED1_1", "", "R", 39.37, 55.1, 0, 0, 180],
		[25, "PAD7_2", -865.34, 2245, "T", "SMD", "U1_7", "", "R", 31.751, 34.016, 0, 0, 0],
		[26, "PAD8_1", -924.66, 2245, "T", "SMD", "LED1_1", "", "R", 31.751, 34.016, 0, 0, 0],
		[27, "PAD9_8", -918.617, 2040.001, "T", "SMD", "U1_8", "", "R", 15.748, 8.661, 0, 0, 180],
		[28, "PAD10_7", -914.677, 2063.621, "T", "SMD", "U1_7", "", "R", 15.748, 8.661, 0, 0, 90],
		[29, "PAD11_6", -894.997, 2063.621, "T", "SMD", "U1_7", "", "R", 15.748, 8.661, 0, 0, 90],
		[30, "PAD12_5", -875.307, 2063.621, "T", "SMD", "U1_5", "", "R", 15.748, 8.661, 0, 0, 90],
		[31, "PAD13_4", -871.377, 2040.001, "T", "SMD", "U1_4", "", "R", 15.748, 8.661, 0, 0, 180],
		[32, "PAD14_3", -875.317, 2016.381, "T", "SMD", "U1_3", "", "R", 15.748, 8.661, 0, 0, 90],
		[33, "PAD15_2", -894.997, 2016.381, "T", "SMD", "U1_2", "", "R", 15.748, 8.661, 0, 0, 90],
		[34, "PAD16_1", -914.677, 2016.381, "T", "SMD", "U1_1", "", "R", 15.748, 11.024, 0, 0, 90]
	]
}
}